{"cameraMode":{"drawMode":0,"name":"Shaded","section":"Shading Mode"},"sceneLighting":false,"audioPlay":false,"sceneViewState":{"m_AlwaysRefresh":false,"showFog":true,"showSkybox":true,"showFlares":true,"showImageEffects":true,"showParticleSystems":true,"showVisualEffectGraphs":true,"m_FxEnabled":true},"in2DMode":false,"pivot":{"x":-0.024124428629875184,"y":4.972846508026123,"z":3.3993194103240969},"rotation":{"x":-0.0016193989431485534,"y":0.9980695247650147,"z":-0.05575946345925331,"w":-0.0287028718739748},"size":2.843698740005493,"orthographic":false}