{"cameraMode":{"drawMode":0,"name":"Shaded","section":"Shading Mode"},"sceneLighting":false,"audioPlay":false,"sceneViewState":{"m_AlwaysRefresh":false,"showFog":true,"showSkybox":true,"showFlares":true,"showImageEffects":true,"showParticleSystems":true,"showVisualEffectGraphs":true,"m_FxEnabled":true},"in2DMode":false,"pivot":{"x":-0.024124428629875184,"y":4.972846508026123,"z":3.3993194103240969},"rotation":{"x":0.0012669451534748078,"y":0.9951757788658142,"z":0.013129356317222119,"w":-0.09758996218442917},"size":6.0454912185668949,"orthographic":false}