{"cameraMode":{"drawMode":0,"name":"Shaded","section":"Shading Mode"},"sceneLighting":true,"audioPlay":false,"sceneViewState":{"m_AlwaysRefresh":false,"showFog":true,"showSkybox":true,"showFlares":true,"showImageEffects":true,"showParticleSystems":true,"showVisualEffectGraphs":true,"m_FxEnabled":true},"in2DMode":false,"pivot":{"x":-30.5826358795166,"y":6.30685567855835,"z":-1.3656253814697266},"rotation":{"x":-0.011232142336666584,"y":-0.8823091983795166,"z":-0.020855432376265527,"w":0.47015300393104555},"size":11.720978736877442,"orthographic":false}