{"cameraMode":{"drawMode":0,"name":"Shaded","section":"Shading Mode"},"sceneLighting":false,"audioPlay":false,"sceneViewState":{"m_AlwaysRefresh":false,"showFog":true,"showSkybox":true,"showFlares":true,"showImageEffects":true,"showParticleSystems":true,"showVisualEffectGraphs":true,"m_FxEnabled":true},"in2DMode":false,"pivot":{"x":2.2514169216156008,"y":-20.061704635620118,"z":-219.77890014648438},"rotation":{"x":-0.0000023896056973171655,"y":-0.9985582232475281,"z":0.0557897612452507,"w":-0.0014930496690794826},"size":118.29212951660156,"orthographic":false}