{"cameraMode":{"drawMode":0,"name":"Shaded","section":"Shading Mode"},"sceneLighting":false,"audioPlay":false,"sceneViewState":{"m_AlwaysRefresh":false,"showFog":true,"showSkybox":true,"showFlares":true,"showImageEffects":true,"showParticleSystems":true,"showVisualEffectGraphs":true,"m_FxEnabled":true},"in2DMode":false,"pivot":{"x":1.0495678186416627,"y":5.665772438049316,"z":18.479999542236329},"rotation":{"x":-0.012309928424656392,"y":-0.013453162275254727,"z":0.00013418574235402048,"w":-0.9998776912689209},"size":4.517344951629639,"orthographic":false}