{"cameraMode":{"drawMode":0,"name":"Shaded","section":"Shading Mode"},"sceneLighting":false,"audioPlay":false,"sceneViewState":{"m_AlwaysRefresh":false,"showFog":true,"showSkybox":true,"showFlares":true,"showImageEffects":true,"showParticleSystems":true,"showVisualEffectGraphs":true,"m_FxEnabled":true},"in2DMode":false,"pivot":{"x":2.8745265007019045,"y":4.875798225402832,"z":25.797338485717775},"rotation":{"x":-0.05089519917964935,"y":0.0568857379257679,"z":-0.0029043618123978378,"w":-0.9970834851264954},"size":4.981048107147217,"orthographic":false}