{"cameraMode":{"drawMode":0,"name":"Shaded","section":"Shading Mode"},"sceneLighting":false,"audioPlay":false,"sceneViewState":{"m_AlwaysRefresh":false,"showFog":true,"showSkybox":true,"showFlares":true,"showImageEffects":true,"showParticleSystems":true,"showVisualEffectGraphs":true,"m_FxEnabled":true},"in2DMode":false,"pivot":{"x":1.3953583240509034,"y":5.966299533843994,"z":6.475327491760254},"rotation":{"x":0.002763554221019149,"y":-0.9826217889785767,"z":0.18522271513938905,"w":0.015033209696412087},"size":0.7029328942298889,"orthographic":false}