{"cameraMode":{"drawMode":0,"name":"Shaded","section":"Shading Mode"},"sceneLighting":false,"audioPlay":false,"sceneViewState":{"m_AlwaysRefresh":false,"showFog":true,"showSkybox":true,"showFlares":true,"showImageEffects":true,"showParticleSystems":true,"showVisualEffectGraphs":true,"m_FxEnabled":true},"in2DMode":false,"pivot":{"x":1.7821344137191773,"y":4.948172092437744,"z":6.684463977813721},"rotation":{"x":0.000049862290325108916,"y":-0.9992058873176575,"z":0.04140882566571236,"w":-0.01168703194707632},"size":0.6112294793128967,"orthographic":false}