{"cameraMode":{"drawMode":0,"name":"Shaded","section":"Shading Mode"},"sceneLighting":false,"audioPlay":false,"sceneViewState":{"m_AlwaysRefresh":false,"showFog":true,"showSkybox":true,"showFlares":true,"showImageEffects":true,"showParticleSystems":true,"showVisualEffectGraphs":true,"m_FxEnabled":true},"in2DMode":false,"pivot":{"x":1.242789626121521,"y":5.189584255218506,"z":18.65911865234375},"rotation":{"x":0.026995811611413957,"y":-0.008394989185035229,"z":0.00022675245418213308,"w":0.9996011853218079},"size":2.5864357948303224,"orthographic":false}