{"cameraMode":{"drawMode":0,"name":"Shaded","section":"Shading Mode"},"sceneLighting":true,"audioPlay":false,"sceneViewState":{"m_AlwaysRefresh":false,"showFog":true,"showSkybox":true,"showFlares":true,"showImageEffects":true,"showParticleSystems":true,"showVisualEffectGraphs":true,"m_FxEnabled":true},"in2DMode":false,"pivot":{"x":-4.043502330780029,"y":3.2891645431518556,"z":7.62283992767334},"rotation":{"x":-0.025807300582528116,"y":-0.006900679785758257,"z":0.00019051440176554024,"w":-0.9996514916419983},"size":11.845086097717286,"orthographic":false}