{"cameraMode":{"drawMode":0,"name":"Shaded","section":"Shading Mode"},"sceneLighting":true,"audioPlay":false,"sceneViewState":{"m_AlwaysRefresh":false,"showFog":true,"showSkybox":true,"showFlares":true,"showImageEffects":true,"showParticleSystems":true,"showVisualEffectGraphs":true,"m_FxEnabled":true},"in2DMode":false,"pivot":{"x":1.400233268737793,"y":5.017711639404297,"z":4.2503485679626469},"rotation":{"x":0.0007520391955040395,"y":0.9906678199768066,"z":-0.1363854706287384,"w":0.004748054780066013},"size":1.3361806869506837,"orthographic":false}