{"cameraMode":{"drawMode":0,"name":"Shaded","section":"Shading Mode"},"sceneLighting":true,"audioPlay":false,"sceneViewState":{"m_AlwaysRefresh":false,"showFog":true,"showSkybox":true,"showFlares":true,"showImageEffects":true,"showParticleSystems":true,"showVisualEffectGraphs":true,"m_FxEnabled":true},"in2DMode":false,"pivot":{"x":1.7963359355926514,"y":3.885889768600464,"z":-12.795610427856446},"rotation":{"x":-0.0005967097822576761,"y":-0.9995236396789551,"z":0.025802388787269594,"w":-0.01889384165406227},"size":10.886636734008789,"orthographic":false}