{"cameraMode":{"drawMode":0,"name":"Shaded","section":"Shading Mode"},"sceneLighting":false,"audioPlay":false,"sceneViewState":{"m_AlwaysRefresh":false,"showFog":true,"showSkybox":true,"showFlares":true,"showImageEffects":true,"showParticleSystems":true,"showVisualEffectGraphs":true,"m_FxEnabled":true},"in2DMode":false,"pivot":{"x":1.1953043937683106,"y":4.956796646118164,"z":4.741118907928467},"rotation":{"x":-0.0009373571956530213,"y":-0.9970284104347229,"z":0.07733625173568726,"w":-0.012255235575139523},"size":0.4995482265949249,"orthographic":false}