{"cameraMode":{"drawMode":0,"name":"Shaded","section":"Shading Mode"},"sceneLighting":true,"audioPlay":false,"sceneViewState":{"m_AlwaysRefresh":false,"showFog":true,"showSkybox":true,"showFlares":true,"showImageEffects":true,"showParticleSystems":true,"showVisualEffectGraphs":true,"m_FxEnabled":true},"in2DMode":false,"pivot":{"x":16.67676544189453,"y":3.420003890991211,"z":18.337507247924806},"rotation":{"x":0.25033003091812136,"y":-0.45471465587615969,"z":0.13485325872898103,"w":0.8440704345703125},"size":4.027863502502441,"orthographic":false}