{"cameraMode":{"drawMode":0,"name":"Shaded","section":"Shading Mode"},"sceneLighting":true,"audioPlay":false,"sceneViewState":{"m_AlwaysRefresh":false,"showFog":true,"showSkybox":true,"showFlares":true,"showImageEffects":true,"showParticleSystems":true,"showVisualEffectGraphs":true,"m_FxEnabled":true},"in2DMode":false,"pivot":{"x":-13.345224380493164,"y":6.274942874908447,"z":10.920919418334961},"rotation":{"x":-0.17679980397224427,"y":0.6678911447525024,"z":-0.16793334484100343,"w":-0.7032757997512817},"size":1.2969920635223389,"orthographic":false}